Machine_ID,Machine_Category,Maintenance_Date,Downtime_Hours,Production_Volume,Failure_Count
M001,CNC Machine,2025-03-29,8.28,921,1
M001,CNC Machine,2025-04-17,11.68,1134,1
M001,CNC Machine,2025-07-07,8.74,713,2
M001,CNC Machine,2025-11-10,3.96,1084,2
M001,CNC Machine,2025-11-16,13.33,957,2
M001,CNC Machine,2025-12-10,9.32,1035,1
M002,Conveyor,2025-02-22,18.46,723,2
M002,Conveyor,2025-08-30,16.96,709,1
M002,Conveyor,2025-09-09,17.02,677,1
M002,Conveyor,2025-09-21,19.36,566,2
M002,Conveyor,2025-10-28,15.61,786,0
M002,Conveyor,2025-11-06,11.86,588,3
M003,Press Machine,2025-02-11,13.83,1258,4
M003,Press Machine,2025-03-03,19.23,1184,3
M003,Press Machine,2025-05-11,17.69,1477,3
M003,Press Machine,2025-06-12,16.98,1448,5
M003,Press Machine,2025-07-06,20.05,1335,2
M003,Press Machine,2025-08-19,21.48,1230,1
M004,Lathe,2025-02-13,13.89,1294,1
M004,Lathe,2025-02-21,13.52,1192,1
M004,Lathe,2025-03-22,10.37,1309,3
M004,Lathe,2025-06-01,11.08,1367,2
M004,Lathe,2025-08-19,10.83,1374,1
M004,Lathe,2025-08-21,9.3,1258,3
M005,Milling Machine,2025-04-07,9.04,971,3
M005,Milling Machine,2025-04-08,11.64,1378,0
M005,Milling Machine,2025-05-08,9.7,1123,2
M005,Milling Machine,2025-09-04,14.23,1205,2
M005,Milling Machine,2025-10-25,7.41,967,3
M005,Milling Machine,2025-12-12,3.9,1123,1
M006,Robotic Arm,2025-01-22,9.31,1322,4
M006,Robotic Arm,2025-02-06,6.75,1373,4
M006,Robotic Arm,2025-06-10,5.42,1379,2
M006,Robotic Arm,2025-07-13,9.74,1510,2
M006,Robotic Arm,2025-08-15,8.53,1331,2
M006,Robotic Arm,2025-10-04,5.96,1218,3
M007,CNC Machine,2025-01-04,8.45,1342,4
M007,CNC Machine,2025-04-24,8.49,1221,4
M007,CNC Machine,2025-06-19,9.63,1420,5
M007,CNC Machine,2025-08-21,8.02,1399,3
M007,CNC Machine,2025-09-10,10.96,1317,1
M007,CNC Machine,2025-10-08,11.08,1318,1
M008,Conveyor,2025-02-27,13.24,1230,0
M008,Conveyor,2025-05-22,13.64,1190,1
M008,Conveyor,2025-05-24,14.46,1152,2
M008,Conveyor,2025-08-03,11.42,1243,2
M008,Conveyor,2025-09-21,12.64,1181,1
M008,Conveyor,2025-12-31,13.49,944,1
M009,Press Machine,2025-05-02,10.58,967,3
M009,Press Machine,2025-06-03,15.93,960,0
M009,Press Machine,2025-08-08,14.38,1138,1
M009,Press Machine,2025-08-17,15.72,964,0
M009,Press Machine,2025-09-29,17.6,1072,2
M009,Press Machine,2025-12-07,10.53,1032,2
M010,Lathe,2025-01-12,14.32,804,0
M010,Lathe,2025-06-12,12.08,1132,5
M010,Lathe,2025-07-15,11.01,1038,1
M010,Lathe,2025-08-05,12.05,984,1
M010,Lathe,2025-08-11,21.59,889,7
M010,Lathe,2025-09-21,17.51,761,1
M011,Milling Machine,2025-01-13,12.33,1483,2
M011,Milling Machine,2025-02-11,14.22,1437,6
M011,Milling Machine,2025-03-10,8.37,1242,4
M011,Milling Machine,2025-04-09,11.21,1242,4
M011,Milling Machine,2025-08-05,14.99,1351,1
M011,Milling Machine,2025-08-21,11.05,1506,4
M012,Robotic Arm,2025-06-22,10.71,1298,0
M012,Robotic Arm,2025-07-13,13.65,1276,4
M012,Robotic Arm,2025-08-01,11.94,1340,3
M012,Robotic Arm,2025-11-08,4.35,1470,4
M012,Robotic Arm,2025-11-13,12.15,1421,2
M012,Robotic Arm,2025-12-30,5.67,1521,1
M013,CNC Machine,2025-02-15,17.74,750,1
M013,CNC Machine,2025-03-31,10.15,891,1
M013,CNC Machine,2025-05-24,14.45,983,1
M013,CNC Machine,2025-08-16,8.75,1001,2
M013,CNC Machine,2025-10-13,13.35,924,2
M013,CNC Machine,2025-12-24,19.01,861,1
M014,Conveyor,2025-02-23,14.16,923,3
M014,Conveyor,2025-03-16,12.05,721,0
M014,Conveyor,2025-03-19,11.49,669,1
M014,Conveyor,2025-08-05,12.84,911,1
M014,Conveyor,2025-10-15,13.13,711,2
M014,Conveyor,2025-11-07,13.78,798,6
M015,Press Machine,2025-01-30,13.16,837,2
M015,Press Machine,2025-02-12,11.4,788,0
M015,Press Machine,2025-07-02,7.8,977,1
M015,Press Machine,2025-07-03,15.2,769,3
M015,Press Machine,2025-11-26,11.53,739,1
M015,Press Machine,2025-12-04,7.25,552,3
M016,Lathe,2025-02-15,16.01,891,1
M016,Lathe,2025-02-17,15.58,1138,2
M016,Lathe,2025-04-02,15.27,1156,2
M016,Lathe,2025-07-26,17.86,1173,2
M016,Lathe,2025-09-06,20.77,1141,1
M016,Lathe,2025-12-31,16.86,1071,2
M017,Milling Machine,2025-04-11,15.1,557,3
M017,Milling Machine,2025-05-25,13.13,461,2
M017,Milling Machine,2025-07-11,14.52,543,0
M017,Milling Machine,2025-08-16,18.74,836,2
M017,Milling Machine,2025-09-30,13.59,584,0
M017,Milling Machine,2025-10-16,9.89,441,1
M018,Robotic Arm,2025-02-07,11.24,1239,3
M018,Robotic Arm,2025-04-28,13.86,1299,4
M018,Robotic Arm,2025-05-19,15.18,1420,2
M018,Robotic Arm,2025-09-18,18.19,1294,2
M018,Robotic Arm,2025-10-27,13.4,1440,4
M018,Robotic Arm,2025-11-07,17.66,1380,0
M019,CNC Machine,2025-03-17,16.44,813,1
M019,CNC Machine,2025-04-14,12.56,870,3
M019,CNC Machine,2025-06-02,11.74,642,1
M019,CNC Machine,2025-08-01,13.34,754,3
M019,CNC Machine,2025-10-23,19.2,788,3
M019,CNC Machine,2025-12-15,15.61,787,1
M020,Conveyor,2025-03-10,12.58,1286,1
M020,Conveyor,2025-04-07,17.95,1454,1
M020,Conveyor,2025-08-16,21.17,1256,2
M020,Conveyor,2025-10-16,17.94,1378,1
M020,Conveyor,2025-11-18,16.73,1408,2
M020,Conveyor,2025-11-20,17.94,1485,3
M021,Press Machine,2025-02-20,14.84,929,2
M021,Press Machine,2025-05-17,16.92,841,1
M021,Press Machine,2025-05-21,15.55,805,1
M021,Press Machine,2025-09-01,17.94,926,1
M021,Press Machine,2025-11-20,16.89,998,1
M021,Press Machine,2025-12-12,21.23,980,1
M022,Lathe,2025-05-08,14.2,1048,1
M022,Lathe,2025-06-05,15.05,1050,4
M022,Lathe,2025-06-29,16.86,1209,2
M022,Lathe,2025-08-03,18.22,1188,2
M022,Lathe,2025-10-13,15.61,1368,2
M022,Lathe,2025-12-26,21.28,1235,0
M023,Milling Machine,2025-04-06,6.45,819,3
M023,Milling Machine,2025-04-24,16.39,810,0
M023,Milling Machine,2025-08-17,8.86,686,1
M023,Milling Machine,2025-09-04,6.89,737,2
M023,Milling Machine,2025-09-21,7.69,719,2
M023,Milling Machine,2025-10-15,12.35,965,0
M024,Robotic Arm,2025-01-14,13.05,833,1
M024,Robotic Arm,2025-05-26,14.24,721,1
M024,Robotic Arm,2025-07-14,6.99,779,3
M024,Robotic Arm,2025-10-05,7.66,718,1
M024,Robotic Arm,2025-11-26,6.7,918,3
M024,Robotic Arm,2025-12-21,13.31,702,2
M025,CNC Machine,2025-03-17,11.5,1195,2
M025,CNC Machine,2025-06-22,10.05,1214,2
M025,CNC Machine,2025-10-23,12.92,1062,5
M025,CNC Machine,2025-11-06,9.99,1101,2
M025,CNC Machine,2025-11-08,12.38,895,0
M025,CNC Machine,2025-12-31,11.8,951,2
M026,Conveyor,2025-01-26,13.0,776,0
M026,Conveyor,2025-03-21,11.9,833,4
M026,Conveyor,2025-03-30,14.34,883,0
M026,Conveyor,2025-04-14,7.06,712,3
M026,Conveyor,2025-04-27,8.91,834,0
M026,Conveyor,2025-12-20,10.18,681,5
M027,Press Machine,2025-01-15,12.5,1343,3
M027,Press Machine,2025-03-23,14.45,851,3
M027,Press Machine,2025-04-18,12.77,1304,5
M027,Press Machine,2025-09-02,19.56,1098,1
M027,Press Machine,2025-10-28,12.12,1119,2
M027,Press Machine,2025-12-25,17.91,1196,0
M028,Lathe,2025-04-17,10.31,1003,2
M028,Lathe,2025-05-28,10.42,1147,1
M028,Lathe,2025-06-07,12.74,1164,3
M028,Lathe,2025-09-18,8.48,1144,3
M028,Lathe,2025-10-22,17.38,995,2
M028,Lathe,2025-11-01,9.22,1042,3
M029,Milling Machine,2025-03-30,14.85,977,0
M029,Milling Machine,2025-04-15,6.05,675,1
M029,Milling Machine,2025-05-04,3.93,673,2
M029,Milling Machine,2025-05-25,13.04,716,1
M029,Milling Machine,2025-08-14,9.3,801,2
M029,Milling Machine,2025-11-12,6.29,885,5
M030,Robotic Arm,2025-02-14,14.92,1175,2
M030,Robotic Arm,2025-06-04,12.32,1046,2
M030,Robotic Arm,2025-06-09,15.27,937,1
M030,Robotic Arm,2025-06-17,10.66,978,1
M030,Robotic Arm,2025-07-25,10.23,1138,1
M030,Robotic Arm,2025-08-23,12.15,1102,1
