Machine_ID,Machine_Category,Maintenance_Date,Downtime_Hours,Production_Volume,Failure_Count,Previous_Downtime,Downtime_Change,Downtime_Change_Percentage,High_Downtime,Maintenance_Frequency
M001,CNC Machine,2025-03-29,8.28,921,1,,,,0,6
M001,CNC Machine,2025-04-17,11.68,1134,1,8.28,3.4000000000000004,41.06280193236715,0,6
M001,CNC Machine,2025-07-07,8.74,713,2,11.68,-2.9399999999999995,-25.171232876712324,0,6
M001,CNC Machine,2025-11-10,3.96,1084,2,8.74,-4.78,-54.69107551487414,0,6
M001,CNC Machine,2025-11-16,13.33,957,2,3.96,9.370000000000001,236.61616161616163,1,6
M001,CNC Machine,2025-12-10,9.32,1035,1,13.33,-4.01,-30.08252063015754,0,6
M002,Conveyor,2025-02-22,18.46,723,2,,,,1,6
M002,Conveyor,2025-08-30,16.96,709,1,18.46,-1.5,-8.125677139761645,1,6
M002,Conveyor,2025-09-09,17.02,677,1,16.96,0.05999999999999872,0.35377358490565286,1,6
M002,Conveyor,2025-09-21,19.36,566,2,17.02,2.34,13.748531139835487,1,6
M002,Conveyor,2025-10-28,15.61,786,0,19.36,-3.75,-19.369834710743802,1,6
M002,Conveyor,2025-11-06,11.86,588,3,15.61,-3.75,-24.02306213965407,0,6
M003,Press Machine,2025-02-11,13.83,1258,4,,,,1,6
M003,Press Machine,2025-03-03,19.23,1184,3,13.83,5.4,39.04555314533623,1,6
M003,Press Machine,2025-05-11,17.69,1477,3,19.23,-1.5399999999999991,-8.008320332813309,1,6
M003,Press Machine,2025-06-12,16.98,1448,5,17.69,-0.7100000000000009,-4.013566986998309,1,6
M003,Press Machine,2025-07-06,20.05,1335,2,16.98,3.0700000000000003,18.080094228504123,1,6
M003,Press Machine,2025-08-19,21.48,1230,1,20.05,1.4299999999999997,7.132169576059849,1,6
M004,Lathe,2025-02-13,13.89,1294,1,,,,1,6
M004,Lathe,2025-02-21,13.52,1192,1,13.89,-0.370000000000001,-2.6637868970482432,1,6
M004,Lathe,2025-03-22,10.37,1309,3,13.52,-3.1500000000000004,-23.29881656804734,0,6
M004,Lathe,2025-06-01,11.08,1367,2,10.37,0.7100000000000009,6.846673095467704,0,6
M004,Lathe,2025-08-19,10.83,1374,1,11.08,-0.25,-2.256317689530686,0,6
M004,Lathe,2025-08-21,9.3,1258,3,10.83,-1.5299999999999994,-14.127423822714674,0,6
M005,Milling Machine,2025-04-07,9.04,971,3,,,,0,6
M005,Milling Machine,2025-04-08,11.64,1378,0,9.04,2.6000000000000014,28.76106194690267,0,6
M005,Milling Machine,2025-05-08,9.7,1123,2,11.64,-1.9400000000000013,-16.66666666666668,0,6
M005,Milling Machine,2025-09-04,14.23,1205,2,9.7,4.530000000000001,46.70103092783507,1,6
M005,Milling Machine,2025-10-25,7.41,967,3,14.23,-6.82,-47.92691496837667,0,6
M005,Milling Machine,2025-12-12,3.9,1123,1,7.41,-3.5100000000000002,-47.36842105263158,0,6
M006,Robotic Arm,2025-01-22,9.31,1322,4,,,,0,6
M006,Robotic Arm,2025-02-06,6.75,1373,4,9.31,-2.5600000000000005,-27.497314715359835,0,6
M006,Robotic Arm,2025-06-10,5.42,1379,2,6.75,-1.33,-19.703703703703702,0,6
M006,Robotic Arm,2025-07-13,9.74,1510,2,5.42,4.32,79.70479704797049,0,6
M006,Robotic Arm,2025-08-15,8.53,1331,2,9.74,-1.2100000000000009,-12.422997946611918,0,6
M006,Robotic Arm,2025-10-04,5.96,1218,3,8.53,-2.5699999999999994,-30.12895662368112,0,6
M007,CNC Machine,2025-01-04,8.45,1342,4,,,,0,6
M007,CNC Machine,2025-04-24,8.49,1221,4,8.45,0.040000000000000924,0.47337278106509967,0,6
M007,CNC Machine,2025-06-19,9.63,1420,5,8.49,1.1400000000000006,13.427561837455837,0,6
M007,CNC Machine,2025-08-21,8.02,1399,3,9.63,-1.6100000000000012,-16.71858774662514,0,6
M007,CNC Machine,2025-09-10,10.96,1317,1,8.02,2.9400000000000013,36.65835411471324,0,6
M007,CNC Machine,2025-10-08,11.08,1318,1,10.96,0.11999999999999922,1.0948905109488978,0,6
M008,Conveyor,2025-02-27,13.24,1230,0,,,,1,6
M008,Conveyor,2025-05-22,13.64,1190,1,13.24,0.40000000000000036,3.021148036253779,1,6
M008,Conveyor,2025-05-24,14.46,1152,2,13.64,0.8200000000000003,6.011730205278594,1,6
M008,Conveyor,2025-08-03,11.42,1243,2,14.46,-3.040000000000001,-21.02351313969572,0,6
M008,Conveyor,2025-09-21,12.64,1181,1,11.42,1.2200000000000006,10.683012259194403,0,6
M008,Conveyor,2025-12-31,13.49,944,1,12.64,0.8499999999999996,6.724683544303795,1,6
M009,Press Machine,2025-05-02,10.58,967,3,,,,0,6
M009,Press Machine,2025-06-03,15.93,960,0,10.58,5.35,50.56710775047259,1,6
M009,Press Machine,2025-08-08,14.38,1138,1,15.93,-1.549999999999999,-9.730069052102944,1,6
M009,Press Machine,2025-08-17,15.72,964,0,14.38,1.3399999999999999,9.318497913769122,1,6
M009,Press Machine,2025-09-29,17.6,1072,2,15.72,1.8800000000000008,11.95928753180662,1,6
M009,Press Machine,2025-12-07,10.53,1032,2,17.6,-7.070000000000002,-40.170454545454554,0,6
M010,Lathe,2025-01-12,14.32,804,0,,,,1,6
M010,Lathe,2025-06-12,12.08,1132,5,14.32,-2.24,-15.64245810055866,0,6
M010,Lathe,2025-07-15,11.01,1038,1,12.08,-1.0700000000000003,-8.857615894039737,0,6
M010,Lathe,2025-08-05,12.05,984,1,11.01,1.040000000000001,9.445958219800191,0,6
M010,Lathe,2025-08-11,21.59,889,7,12.05,9.54,79.17012448132779,1,6
M010,Lathe,2025-09-21,17.51,761,1,21.59,-4.079999999999998,-18.897637795275582,1,6
M011,Milling Machine,2025-01-13,12.33,1483,2,,,,0,6
M011,Milling Machine,2025-02-11,14.22,1437,6,12.33,1.8900000000000006,15.328467153284675,1,6
M011,Milling Machine,2025-03-10,8.37,1242,4,14.22,-5.850000000000001,-41.13924050632912,0,6
M011,Milling Machine,2025-04-09,11.21,1242,4,8.37,2.8400000000000016,33.930704898446855,0,6
M011,Milling Machine,2025-08-05,14.99,1351,1,11.21,3.7799999999999994,33.71989295272078,1,6
M011,Milling Machine,2025-08-21,11.05,1506,4,14.99,-3.9399999999999995,-26.284189459639755,0,6
M012,Robotic Arm,2025-06-22,10.71,1298,0,,,,0,6
M012,Robotic Arm,2025-07-13,13.65,1276,4,10.71,2.9399999999999995,27.450980392156854,1,6
M012,Robotic Arm,2025-08-01,11.94,1340,3,13.65,-1.7100000000000009,-12.527472527472533,0,6
M012,Robotic Arm,2025-11-08,4.35,1470,4,11.94,-7.59,-63.5678391959799,0,6
M012,Robotic Arm,2025-11-13,12.15,1421,2,4.35,7.800000000000001,179.31034482758622,0,6
M012,Robotic Arm,2025-12-30,5.67,1521,1,12.15,-6.48,-53.333333333333336,0,6
M013,CNC Machine,2025-02-15,17.74,750,1,,,,1,6
M013,CNC Machine,2025-03-31,10.15,891,1,17.74,-7.589999999999998,-42.78466741826381,0,6
M013,CNC Machine,2025-05-24,14.45,983,1,10.15,4.299999999999999,42.36453201970442,1,6
M013,CNC Machine,2025-08-16,8.75,1001,2,14.45,-5.699999999999999,-39.44636678200692,0,6
M013,CNC Machine,2025-10-13,13.35,924,2,8.75,4.6,52.57142857142857,1,6
M013,CNC Machine,2025-12-24,19.01,861,1,13.35,5.660000000000002,42.397003745318365,1,6
M014,Conveyor,2025-02-23,14.16,923,3,,,,1,6
M014,Conveyor,2025-03-16,12.05,721,0,14.16,-2.1099999999999994,-14.90112994350282,0,6
M014,Conveyor,2025-03-19,11.49,669,1,12.05,-0.5600000000000005,-4.647302904564319,0,6
M014,Conveyor,2025-08-05,12.84,911,1,11.49,1.3499999999999996,11.749347258485637,0,6
M014,Conveyor,2025-10-15,13.13,711,2,12.84,0.2900000000000009,2.2585669781931537,1,6
M014,Conveyor,2025-11-07,13.78,798,6,13.13,0.6499999999999986,4.95049504950494,1,6
M015,Press Machine,2025-01-30,13.16,837,2,,,,1,6
M015,Press Machine,2025-02-12,11.4,788,0,13.16,-1.7599999999999998,-13.37386018237082,0,6
M015,Press Machine,2025-07-02,7.8,977,1,11.4,-3.6000000000000005,-31.578947368421055,0,6
M015,Press Machine,2025-07-03,15.2,769,3,7.8,7.3999999999999995,94.87179487179486,1,6
M015,Press Machine,2025-11-26,11.53,739,1,15.2,-3.67,-24.144736842105264,0,6
M015,Press Machine,2025-12-04,7.25,552,3,11.53,-4.279999999999999,-37.12055507372072,0,6
M016,Lathe,2025-02-15,16.01,891,1,,,,1,6
M016,Lathe,2025-02-17,15.58,1138,2,16.01,-0.4300000000000015,-2.6858213616489786,1,6
M016,Lathe,2025-04-02,15.27,1156,2,15.58,-0.3100000000000005,-1.989730423620029,1,6
M016,Lathe,2025-07-26,17.86,1173,2,15.27,2.59,16.961362148002618,1,6
M016,Lathe,2025-09-06,20.77,1141,1,17.86,2.91,16.293393057110865,1,6
M016,Lathe,2025-12-31,16.86,1071,2,20.77,-3.91,-18.825228695233513,1,6
M017,Milling Machine,2025-04-11,15.1,557,3,,,,1,6
M017,Milling Machine,2025-05-25,13.13,461,2,15.1,-1.9699999999999989,-13.046357615894033,1,6
M017,Milling Machine,2025-07-11,14.52,543,0,13.13,1.3899999999999988,10.586443259710576,1,6
M017,Milling Machine,2025-08-16,18.74,836,2,14.52,4.219999999999999,29.063360881542692,1,6
M017,Milling Machine,2025-09-30,13.59,584,0,18.74,-5.149999999999999,-27.48132337246531,1,6
M017,Milling Machine,2025-10-16,9.89,441,1,13.59,-3.6999999999999993,-27.225901398086823,0,6
M018,Robotic Arm,2025-02-07,11.24,1239,3,,,,0,6
M018,Robotic Arm,2025-04-28,13.86,1299,4,11.24,2.619999999999999,23.309608540925257,1,6
M018,Robotic Arm,2025-05-19,15.18,1420,2,13.86,1.3200000000000003,9.523809523809526,1,6
M018,Robotic Arm,2025-09-18,18.19,1294,2,15.18,3.0100000000000016,19.828722002635057,1,6
M018,Robotic Arm,2025-10-27,13.4,1440,4,18.19,-4.790000000000001,-26.333150082462897,1,6
M018,Robotic Arm,2025-11-07,17.66,1380,0,13.4,4.26,31.7910447761194,1,6
M019,CNC Machine,2025-03-17,16.44,813,1,,,,1,6
M019,CNC Machine,2025-04-14,12.56,870,3,16.44,-3.880000000000001,-23.600973236009732,0,6
M019,CNC Machine,2025-06-02,11.74,642,1,12.56,-0.8200000000000003,-6.528662420382167,0,6
M019,CNC Machine,2025-08-01,13.34,754,3,11.74,1.5999999999999996,13.628620102214647,1,6
M019,CNC Machine,2025-10-23,19.2,788,3,13.34,5.859999999999999,43.92803598200899,1,6
M019,CNC Machine,2025-12-15,15.61,787,1,19.2,-3.59,-18.697916666666668,1,6
M020,Conveyor,2025-03-10,12.58,1286,1,,,,0,6
M020,Conveyor,2025-04-07,17.95,1454,1,12.58,5.369999999999999,42.686804451510326,1,6
M020,Conveyor,2025-08-16,21.17,1256,2,17.95,3.2200000000000024,17.93871866295266,1,6
M020,Conveyor,2025-10-16,17.94,1378,1,21.17,-3.2300000000000004,-15.257439773264053,1,6
M020,Conveyor,2025-11-18,16.73,1408,2,17.94,-1.2100000000000009,-6.744704570791532,1,6
M020,Conveyor,2025-11-20,17.94,1485,3,16.73,1.2100000000000009,7.232516437537363,1,6
M021,Press Machine,2025-02-20,14.84,929,2,,,,1,6
M021,Press Machine,2025-05-17,16.92,841,1,14.84,2.080000000000002,14.016172506738558,1,6
M021,Press Machine,2025-05-21,15.55,805,1,16.92,-1.370000000000001,-8.096926713947996,1,6
M021,Press Machine,2025-09-01,17.94,926,1,15.55,2.3900000000000006,15.369774919614152,1,6
M021,Press Machine,2025-11-20,16.89,998,1,17.94,-1.0500000000000007,-5.852842809364552,1,6
M021,Press Machine,2025-12-12,21.23,980,1,16.89,4.34,25.695677915926584,1,6
M022,Lathe,2025-05-08,14.2,1048,1,,,,1,6
M022,Lathe,2025-06-05,15.05,1050,4,14.2,0.8500000000000014,5.985915492957757,1,6
M022,Lathe,2025-06-29,16.86,1209,2,15.05,1.8099999999999987,12.026578073089691,1,6
M022,Lathe,2025-08-03,18.22,1188,2,16.86,1.3599999999999994,8.066429418742583,1,6
M022,Lathe,2025-10-13,15.61,1368,2,18.22,-2.6099999999999994,-14.324917672886937,1,6
M022,Lathe,2025-12-26,21.28,1235,0,15.61,5.670000000000002,36.32286995515696,1,6
M023,Milling Machine,2025-04-06,6.45,819,3,,,,0,6
M023,Milling Machine,2025-04-24,16.39,810,0,6.45,9.940000000000001,154.10852713178295,1,6
M023,Milling Machine,2025-08-17,8.86,686,1,16.39,-7.530000000000001,-45.94264795607078,0,6
M023,Milling Machine,2025-09-04,6.89,737,2,8.86,-1.9699999999999998,-22.23476297968397,0,6
M023,Milling Machine,2025-09-21,7.69,719,2,6.89,0.8000000000000007,11.61103047895502,0,6
M023,Milling Machine,2025-10-15,12.35,965,0,7.69,4.659999999999999,60.598179453836146,0,6
M024,Robotic Arm,2025-01-14,13.05,833,1,,,,1,6
M024,Robotic Arm,2025-05-26,14.24,721,1,13.05,1.1899999999999995,9.11877394636015,1,6
M024,Robotic Arm,2025-07-14,6.99,779,3,14.24,-7.25,-50.91292134831461,0,6
M024,Robotic Arm,2025-10-05,7.66,718,1,6.99,0.6699999999999999,9.585121602288984,0,6
M024,Robotic Arm,2025-11-26,6.7,918,3,7.66,-0.96,-12.532637075718014,0,6
M024,Robotic Arm,2025-12-21,13.31,702,2,6.7,6.61,98.65671641791045,1,6
M025,CNC Machine,2025-03-17,11.5,1195,2,,,,0,6
M025,CNC Machine,2025-06-22,10.05,1214,2,11.5,-1.4499999999999993,-12.608695652173907,0,6
M025,CNC Machine,2025-10-23,12.92,1062,5,10.05,2.869999999999999,28.557213930348247,1,6
M025,CNC Machine,2025-11-06,9.99,1101,2,12.92,-2.9299999999999997,-22.678018575851393,0,6
M025,CNC Machine,2025-11-08,12.38,895,0,9.99,2.3900000000000006,23.92392392392393,0,6
M025,CNC Machine,2025-12-31,11.8,951,2,12.38,-0.5800000000000001,-4.684975767366721,0,6
M026,Conveyor,2025-01-26,13.0,776,0,,,,1,6
M026,Conveyor,2025-03-21,11.9,833,4,13.0,-1.0999999999999996,-8.46153846153846,0,6
M026,Conveyor,2025-03-30,14.34,883,0,11.9,2.4399999999999995,20.504201680672267,1,6
M026,Conveyor,2025-04-14,7.06,712,3,14.34,-7.28,-50.767085076708504,0,6
M026,Conveyor,2025-04-27,8.91,834,0,7.06,1.8500000000000005,26.20396600566573,0,6
M026,Conveyor,2025-12-20,10.18,681,5,8.91,1.2699999999999996,14.253647586980916,0,6
M027,Press Machine,2025-01-15,12.5,1343,3,,,,0,6
M027,Press Machine,2025-03-23,14.45,851,3,12.5,1.9499999999999993,15.599999999999994,1,6
M027,Press Machine,2025-04-18,12.77,1304,5,14.45,-1.6799999999999997,-11.62629757785467,0,6
M027,Press Machine,2025-09-02,19.56,1098,1,12.77,6.789999999999999,53.171495693030536,1,6
M027,Press Machine,2025-10-28,12.12,1119,2,19.56,-7.4399999999999995,-38.036809815950924,0,6
M027,Press Machine,2025-12-25,17.91,1196,0,12.12,5.790000000000001,47.77227722772278,1,6
M028,Lathe,2025-04-17,10.31,1003,2,,,,0,6
M028,Lathe,2025-05-28,10.42,1147,1,10.31,0.10999999999999943,1.0669253152279286,0,6
M028,Lathe,2025-06-07,12.74,1164,3,10.42,2.3200000000000003,22.264875239923228,0,6
M028,Lathe,2025-09-18,8.48,1144,3,12.74,-4.26,-33.43799058084772,0,6
M028,Lathe,2025-10-22,17.38,995,2,8.48,8.899999999999999,104.95283018867923,1,6
M028,Lathe,2025-11-01,9.22,1042,3,17.38,-8.159999999999998,-46.95051783659378,0,6
M029,Milling Machine,2025-03-30,14.85,977,0,,,,1,6
M029,Milling Machine,2025-04-15,6.05,675,1,14.85,-8.8,-59.25925925925927,0,6
M029,Milling Machine,2025-05-04,3.93,673,2,6.05,-2.1199999999999997,-35.04132231404958,0,6
M029,Milling Machine,2025-05-25,13.04,716,1,3.93,9.11,231.8066157760814,1,6
M029,Milling Machine,2025-08-14,9.3,801,2,13.04,-3.7399999999999984,-28.680981595092014,0,6
M029,Milling Machine,2025-11-12,6.29,885,5,9.3,-3.0100000000000007,-32.36559139784947,0,6
M030,Robotic Arm,2025-02-14,14.92,1175,2,,,,1,6
M030,Robotic Arm,2025-06-04,12.32,1046,2,14.92,-2.5999999999999996,-17.42627345844504,0,6
M030,Robotic Arm,2025-06-09,15.27,937,1,12.32,2.9499999999999993,23.944805194805188,1,6
M030,Robotic Arm,2025-06-17,10.66,978,1,15.27,-4.609999999999999,-30.189914865749834,0,6
M030,Robotic Arm,2025-07-25,10.23,1138,1,10.66,-0.4299999999999997,-4.033771106941836,0,6
M030,Robotic Arm,2025-08-23,12.15,1102,1,10.23,1.92,18.768328445747798,0,6
